<?xml version="1.0" encoding="UTF-8"?>
<project-private xmlns="http://www.netbeans.org/ns/project-private/1">
    <editor-bookmarks xmlns="http://www.netbeans.org/ns/editor-bookmarks/2" lastBookmarkId="0"/>
    <open-files xmlns="http://www.netbeans.org/ns/projectui-open-files/2">
        <group>
            <file>file:/D:/dhanush/netbeans/src/logins/Login_t.java</file>
            <file>file:/D:/dhanush/netbeans/src/logins/Login_a.java</file>
            <file>file:/D:/dhanush/netbeans/src/logins/login.java</file>
            <file>file:/D:/dhanush/netbeans/src/logins/tips.png</file>
            <file>file:/D:/dhanush/netbeans/src/logins/jUsername.java</file>
            <file>file:/D:/dhanush/netbeans/src/logins/Login_o.java</file>
            <file>file:/D:/dhanush/netbeans/src/logins/Login_s.java</file>
            <file>file:/D:/dhanush/netbeans/src/logins/jPassword.java</file>
        </group>
    </open-files>
</project-private>
